<?SCHEMA schemaVersion="1.0"?>
<SignalSourcesConfiguration xmlns:xsi="http://www.w3.org/2001/XMLSchema-instance" xsi:noNamespaceSchemaLocation="file:///C:/Program%20Files%20(x86)/Common%20Files/ETAS/Experiment%20Environment/3.7/Schemas/EE.Data.SignalSources.xsd" xsi:type="ETAS.EE.Data.SignalSourcesConfigurationType">
  <SignalSourcesData xsi:type="ETAS.EE.Data.PluginDataListType">
    <Item xsi:type="ETAS.EE.Data.PluginDataType" id="ID1ec0d642-f78d-46da-8932-70d406ac0f04" pluginID="System" rootFolder="System_Files">
      <Documents xsi:type="ETAS.EE.Data.ExternalDocumentListType">
        <Item xsi:type="ETAS.EE.Data.ExternalDocumentType" id="IDfec31404-a75a-487b-b334-58add39229f9" type="" name="Configuration" file="Configuration.xml" />
      </Documents>
    </Item>
  </SignalSourcesData>
  <SignalSourceDeclarations xsi:type="ETAS.EE.Data.SignalSourceDeclarationListType">
    <Item xsi:type="ETAS.EE.Data.SignalSourceDeclarationType" id="ID8a50e7fa-77e5-4f84-ac69-a4ffa7e94244" type="VP" signalSourceId="System" name="PC_PC_5_" active="true" />
  </SignalSourceDeclarations>
</SignalSourcesConfiguration>